Customer ID,Recency,Frequency,Monetary,Cluster,Segment,Region,Customer_Type
AA-10315,185,5,5563.56,1,Champions,Central,Consumer
AA-10375,20,9,1056.39,1,Champions,East,Consumer
AA-10480,260,4,1790.512,0,Loyal Customers,Central,Consumer
AA-10645,56,6,5086.9349999999995,1,Champions,East,Consumer
AB-10015,416,3,886.156,0,Loyal Customers,Central,Consumer
AB-10060,55,8,7755.620000000001,1,Champions,East,Home Office
AB-10105,42,10,14473.571,1,Champions,Central,Consumer
AB-10150,42,5,966.71,0,Loyal Customers,Central,Consumer
AB-10165,11,10,1215.022,1,Champions,West,Consumer
AB-10255,167,9,914.532,1,Champions,West,Home Office
AB-10600,51,4,1515.862,0,Loyal Customers,West,Corporate
AC-10420,233,3,925.8000000000001,0,Loyal Customers,Central,Corporate
AC-10450,12,7,5527.846,1,Champions,South,Consumer
AC-10615,7,5,2537.686,1,Champions,East,Corporate
AC-10660,283,5,657.316,0,Loyal Customers,Central,Consumer
AD-10180,30,8,6106.88,1,Champions,East,Home Office
AF-10870,42,7,2052.908,1,Champions,East,Consumer
AF-10885,416,4,861.565,0,Loyal Customers,East,Consumer
AG-10270,102,9,2720.386,1,Champions,Central,Consumer
AG-10300,119,4,367.548,0,Loyal Customers,West,Corporate
AG-10330,9,5,660.972,1,Champions,Central,Consumer
AG-10390,115,5,200.94500000000002,0,Loyal Customers,East,Consumer
AG-10495,79,8,2356.855,1,Champions,South,Corporate
AG-10525,845,4,1455.038,0,Loyal Customers,East,Corporate
AG-10675,98,7,3489.0395999999996,1,Champions,South,Consumer
AG-10765,78,4,170.584,0,Loyal Customers,Central,Home Office
AG-10900,97,10,4510.7970000000005,1,Champions,West,Consumer
AH-10030,13,7,1744.7,1,Champions,East,Corporate
AH-10075,35,10,3250.337,1,Champions,East,Corporate
AH-10120,61,7,1735.5140000000001,1,Champions,West,Home Office
AH-10195,56,4,1587.4520000000002,0,Loyal Customers,East,Corporate
AH-10210,7,9,4805.344,1,Champions,West,Consumer
AH-10465,231,5,2495.3916,0,Loyal Customers,Central,Consumer
AH-10585,22,4,738.504,0,Loyal Customers,West,Consumer
AH-10690,411,12,7888.294,1,Champions,South,Corporate
AI-10855,14,10,4375.786,1,Champions,West,Consumer
AJ-10780,76,7,4867.344,1,Champions,East,Corporate
AJ-10795,167,7,4501.391,1,Champions,West,Corporate
AJ-10945,86,7,1839.24,1,Champions,Central,Consumer
AJ-10960,75,3,629.2479999999999,0,Loyal Customers,East,Consumer
AM-10360,29,5,814.012,0,Loyal Customers,West,Corporate
AM-10705,163,8,5664.022,1,Champions,South,Consumer
AO-10810,502,1,161.28,0,Loyal Customers,West,Corporate
AP-10720,42,8,1638.554,1,Champions,East,Home Office
AP-10915,99,10,3323.556,1,Champions,West,Consumer
AR-10345,112,6,1073.354,0,Loyal Customers,East,Corporate
AR-10405,126,5,2236.1279999999997,1,Champions,East,Corporate
AR-10510,15,5,264.86400000000003,0,Loyal Customers,East,Consumer
AR-10540,7,6,6608.448,1,Champions,Central,Consumer
AR-10570,535,1,88.15,0,Loyal Customers,South,Consumer
AR-10825,59,8,4523.336,1,Champions,West,Corporate
AS-10045,89,7,3050.692,1,Champions,South,Corporate
AS-10090,29,9,3255.3100000000004,1,Champions,East,Consumer
AS-10135,42,2,58.82,0,Loyal Customers,East,Home Office
AS-10225,23,5,4260.784,1,Champions,West,Corporate
AS-10240,193,7,584.6080000000001,0,Loyal Customers,South,Consumer
AS-10285,20,6,3214.236,1,Champions,Central,Corporate
AS-10630,93,7,833.3979999999999,1,Champions,South,Home Office
AT-10435,22,6,1171.814,1,Champions,West,Home Office
AT-10735,14,10,3831.8639999999996,1,Champions,East,Consumer
AW-10840,21,4,649.3760000000001,0,Loyal Customers,West,Consumer
AW-10930,47,7,2852.9680000000003,1,Champions,Central,Home Office
AY-10555,15,4,497.014,0,Loyal Customers,West,Corporate
AZ-10750,161,6,1622.018,1,Champions,West,Consumer
BB-10990,106,5,744.34,0,Loyal Customers,West,Corporate
BB-11545,29,9,6765.728,1,Champions,Central,Corporate
BC-11125,203,9,2933.6760000000004,1,Champions,West,Home Office
BD-11320,34,12,5718.521,1,Champions,West,Consumer
BD-11500,36,6,4411.243,1,Champions,Central,Consumer
BD-11560,279,2,320.54,0,Loyal Customers,West,Home Office
BD-11605,98,9,3332.871,1,Champions,South,Consumer
BD-11620,70,6,1538.1100000000001,1,Champions,East,Consumer
BD-11635,10,3,582.6460000000001,0,Loyal Customers,East,Consumer
BD-11725,94,6,1526.5,1,Champions,South,Consumer
BD-11770,328,6,658.466,0,Loyal Customers,East,Consumer
BE-11335,120,5,4204.676,1,Champions,Central,Home Office
BE-11410,99,5,2261.438,1,Champions,Central,Consumer
BE-11455,255,6,1727.652,0,Loyal Customers,East,Home Office
BF-10975,92,7,599.798,0,Loyal Customers,South,Corporate
BF-11005,40,4,1333.88,0,Loyal Customers,West,Home Office
BF-11020,75,8,2888.506,1,Champions,Central,Corporate
BF-11080,26,3,272.95,0,Loyal Customers,East,Consumer
BF-11170,17,13,8430.144,1,Champions,East,Home Office
BF-11215,66,4,1585.162,0,Loyal Customers,West,Home Office
BF-11275,58,3,791.99,0,Loyal Customers,South,Corporate
BG-11035,29,8,2798.948,1,Champions,South,Consumer
BG-11695,37,6,1874.1719999999998,1,Champions,East,Corporate
BG-11740,58,6,1006.3560000000001,1,Champions,West,Consumer
BG-18435,2,5,609.88,1,Champions,East,Consumer
BH-11710,24,8,6255.351,1,Champions,South,Consumer
BK-11260,78,6,659.138,0,Loyal Customers,West,Consumer
BM-11140,308,4,11789.63,1,Champions,Central,Consumer
BM-11575,101,6,808.162,0,Loyal Customers,East,Corporate
BM-11650,34,11,7294.185,1,Champions,Central,Corporate
BM-11785,219,10,1338.842,1,Champions,East,Consumer
BN-11470,25,4,265.296,0,Loyal Customers,South,Corporate
BN-11515,10,5,1459.344,1,Champions,East,Consumer
BO-11350,138,5,2682.728,1,Champions,East,Corporate
BO-11425,76,2,130.83,0,Loyal Customers,East,Consumer
BP-11050,84,5,983.42,0,Loyal Customers,East,Corporate
BP-11095,18,14,3350.874,1,Champions,West,Corporate
BP-11155,90,6,1697.861,1,Champions,East,Consumer
BP-11185,2,9,3675.8610000000003,1,Champions,West,Corporate
BP-11230,40,5,1181.49,1,Champions,West,Consumer
BP-11290,13,7,2475.157,1,Champions,Central,Consumer
BS-11365,559,5,10501.653,1,Champions,East,Corporate
BS-11380,29,5,3887.8340000000003,1,Champions,West,Corporate
BS-11590,36,6,2454.928,1,Champions,East,Corporate
BS-11665,583,3,3288.1100000000006,0,Loyal Customers,West,Consumer
BS-11755,2,7,2562.382,1,Champions,West,Consumer
BS-11800,266,2,949.4300000000001,0,Loyal Customers,East,Home Office
BT-11305,337,5,2567.656,0,Loyal Customers,West,Home Office
BT-11395,303,6,2186.613,0,Loyal Customers,West,Corporate
BT-11440,561,4,603.876,0,Loyal Customers,East,Consumer
BT-11485,660,2,415.19599999999997,0,Loyal Customers,East,Home Office
BT-11530,92,5,2684.492,1,Champions,West,Home Office
BT-11680,21,7,3196.752,1,Champions,East,Consumer
BV-11245,335,5,1523.273,0,Loyal Customers,Central,Corporate
BW-11065,213,3,385.516,0,Loyal Customers,East,Consumer
BW-11110,122,8,4750.358,1,Champions,East,Corporate
BW-11200,204,6,1738.4060000000002,0,Loyal Customers,East,Consumer
CA-11965,97,6,3789.7228,1,Champions,Central,Corporate
CA-12055,402,5,1679.7240000000002,0,Loyal Customers,Central,Home Office
CA-12265,57,9,2648.2871999999998,1,Champions,South,Consumer
CA-12310,14,4,1421.954,1,Champions,East,Corporate
CA-12775,121,7,3041.566,1,Champions,East,Consumer
CB-12025,48,10,6076.139,1,Champions,East,Consumer
CB-12415,27,8,1949.2,1,Champions,East,Consumer
CB-12535,198,8,4246.4555,1,Champions,East,Corporate
CC-12100,458,6,1770.9450000000002,0,Loyal Customers,East,Home Office
CC-12145,107,7,2471.65,1,Champions,West,Consumer
CC-12220,21,12,3913.4179999999997,1,Champions,West,Consumer
CC-12370,44,5,12129.072,1,Champions,East,Consumer
CC-12430,1,12,4606.952,1,Champions,West,Home Office
CC-12475,40,9,1659.438,1,Champions,East,Consumer
CC-12550,28,3,113.832,0,Loyal Customers,West,Consumer
CC-12610,35,7,2540.631,1,Champions,South,Corporate
CC-12670,30,7,2269.7015,1,Champions,South,Consumer
CC-12685,799,4,2854.115,0,Loyal Customers,South,Consumer
CD-11920,41,5,2033.968,1,Champions,East,Consumer
CD-11980,55,3,639.766,0,Loyal Customers,Central,Consumer
CD-12280,43,2,1205.584,0,Loyal Customers,East,Consumer
CD-12790,400,5,1860.732,0,Loyal Customers,West,Home Office
CG-12040,50,6,904.4680000000001,1,Champions,East,Home Office
CG-12520,339,3,1148.78,0,Loyal Customers,Central,Consumer
CH-12070,691,3,1537.236,0,Loyal Customers,East,Home Office
CJ-11875,366,1,16.520000000000003,0,Loyal Customers,East,Corporate
CJ-12010,190,8,11164.974,1,Champions,East,Consumer
CK-12205,40,13,3154.855,1,Champions,East,Consumer
CK-12325,121,5,2945.321,1,Champions,East,Home Office
CK-12595,44,11,2372.75,1,Champions,East,Consumer
CK-12760,83,9,1582.109,1,Champions,East,Corporate
CL-11890,107,4,1262.0140000000001,0,Loyal Customers,East,Consumer
CL-12565,285,12,10880.546,1,Champions,West,Consumer
CL-12700,106,5,2353.5860000000002,1,Champions,West,Home Office
CM-11815,132,6,1673.8880000000001,1,Champions,West,Corporate
CM-11935,708,2,565.3919999999999,0,Loyal Customers,South,Consumer
CM-12115,9,4,1661.6100000000001,1,Champions,East,Consumer
CM-12160,27,6,2533.314,1,Champions,East,Consumer
CM-12190,9,6,1475.144,1,Champions,Central,Consumer
CM-12235,386,5,2305.7120000000004,0,Loyal Customers,South,Consumer
CM-12385,38,4,8954.02,1,Champions,South,Consumer
CM-12445,437,3,287.99,0,Loyal Customers,West,Consumer
CM-12655,28,6,6339.5576,1,Champions,West,Home Office
CM-12715,1035,4,3984.4524000000006,0,Loyal Customers,Central,Corporate
CP-12085,83,8,5402.253999999999,1,Champions,Central,Corporate
CP-12340,161,8,5888.275000000001,1,Champions,East,Corporate
CR-12580,58,4,2148.852,0,Loyal Customers,West,Home Office
CR-12625,471,3,475.90000000000003,0,Loyal Customers,East,Home Office
CR-12730,79,4,1600.55,0,Loyal Customers,East,Consumer
CR-12820,86,3,1397.8724,0,Loyal Customers,Central,Home Office
CS-11845,92,5,1278.9540000000002,0,Loyal Customers,West,Corporate
CS-11860,163,6,537.6320000000001,0,Loyal Customers,East,Consumer
CS-11950,26,11,3036.547,1,Champions,East,Consumer
CS-12130,490,4,884.6400000000001,0,Loyal Customers,West,Consumer
CS-12175,233,5,844.4580000000001,0,Loyal Customers,West,Corporate
CS-12250,27,12,2754.216,1,Champions,West,Corporate
CS-12355,7,11,3202.1620000000003,1,Champions,South,Consumer
CS-12400,3,9,3651.8585000000003,1,Champions,South,Home Office
CS-12460,28,2,550.644,0,Loyal Customers,East,Consumer
CS-12490,425,4,1077.2285,0,Loyal Customers,East,Corporate
CS-12505,59,6,5690.055000000001,1,Champions,West,Consumer
CT-11995,97,11,4503.618,1,Champions,East,Consumer
CV-12295,255,5,2830.628,0,Loyal Customers,Central,Consumer
CV-12805,6,9,2370.3136,1,Champions,Central,Corporate
CW-11905,23,6,1136.592,1,Champions,West,Home Office
CY-12745,61,8,2900.0260000000003,1,Champions,West,Corporate
Co-12640,550,5,1300.076,0,Loyal Customers,Central,Consumer
DA-13450,353,4,156.76,0,Loyal Customers,East,Home Office
DB-12910,22,8,2171.599,1,Champions,South,Home Office
DB-12970,242,5,2839.2272000000003,0,Loyal Customers,West,Corporate
DB-13060,17,7,4531.646000000001,1,Champions,Central,Consumer
DB-13120,49,7,2973.094,1,Champions,East,Corporate
DB-13210,10,10,2332.5769999999998,1,Champions,Central,Consumer
DB-13270,54,8,4655.897,1,Champions,East,Home Office
DB-13360,265,5,1081.466,0,Loyal Customers,East,Home Office
DB-13405,145,8,3674.684,1,Champions,East,Consumer
DB-13555,108,7,3908.8028,1,Champions,South,Corporate
DB-13615,34,7,1989.0500000000002,1,Champions,West,Consumer
DB-13660,13,7,1155.202,1,Champions,East,Consumer
DC-12850,38,9,3336.168,1,Champions,South,Consumer
DC-13285,24,5,1174.618,1,Champions,South,Consumer
DD-13570,42,6,269.54200000000003,0,Loyal Customers,Central,Consumer
DE-13255,719,5,2550.874,0,Loyal Customers,East,Home Office
DF-13135,700,3,2390.534,0,Loyal Customers,Central,Consumer
DG-13300,33,5,3195.818,1,Champions,East,Corporate
DH-13075,278,6,4932.872,1,Champions,West,Corporate
DH-13675,776,4,1043.096,0,Loyal Customers,South,Home Office
DJ-13420,638,4,2012.52,0,Loyal Customers,West,Corporate
DJ-13510,49,8,2501.688,1,Champions,South,Corporate
DJ-13630,13,3,3356.398,1,Champions,East,Consumer
DK-12835,22,12,3256.48,1,Champions,West,Corporate
DK-12895,46,5,4282.1759999999995,1,Champions,Central,Consumer
DK-12985,8,5,1687.04,1,Champions,South,Consumer
DK-13090,43,7,2650.557,1,Champions,East,Consumer
DK-13150,11,2,797.832,0,Loyal Customers,East,Corporate
DK-13225,11,9,4802.394,1,Champions,East,Corporate
DK-13375,20,8,3318.486,1,Champions,West,Consumer
DL-12865,101,8,1503.112,1,Champions,West,Consumer
DL-12925,58,6,3272.2,1,Champions,Central,Consumer
DL-13315,23,8,1458.258,1,Champions,East,Consumer
DL-13330,58,4,585.02,0,Loyal Customers,Central,Consumer
DL-13495,77,8,3539.322,1,Champions,West,Corporate
DM-12955,115,7,1322.034,1,Champions,Central,Corporate
DM-13015,58,7,6345.103000000001,1,Champions,East,Consumer
DM-13345,23,8,4074.4719999999998,1,Champions,East,Corporate
DM-13525,482,3,1376.792,0,Loyal Customers,East,Corporate
DN-13690,218,7,2139.79,1,Champions,West,Consumer
DO-13435,134,9,1300.0315,1,Champions,West,Consumer
DO-13645,27,9,2043.296,1,Champions,East,Consumer
DP-13000,127,9,1050.636,1,Champions,Central,Consumer
DP-13105,7,8,2215.002,1,Champions,West,Corporate
DP-13165,812,2,1058.616,0,Loyal Customers,East,Consumer
DP-13390,359,9,5480.724000000001,1,Champions,West,Home Office
DR-12880,4,9,6528.034000000001,1,Champions,East,Corporate
DR-12940,51,8,8350.868,1,Champions,East,Home Office
DS-13030,94,4,1762.213,0,Loyal Customers,West,Home Office
DS-13180,24,9,2881.8127999999997,1,Champions,Central,Corporate
DV-13045,20,5,1119.483,1,Champions,South,Corporate
DV-13465,30,6,3341.5870000000004,1,Champions,West,Consumer
DW-13195,70,6,1080.751,1,Champions,West,Corporate
DW-13480,218,5,5271.628000000001,1,Champions,Central,Home Office
DW-13540,99,5,344.08,0,Loyal Customers,Central,Consumer
DW-13585,243,7,1204.854,0,Loyal Customers,East,Corporate
Dl-13600,120,5,755.602,0,Loyal Customers,West,Corporate
Dp-13240,85,11,7198.761,1,Champions,South,Home Office
EA-14035,153,13,2846.705,1,Champions,East,Corporate
EB-13705,49,9,3644.978,1,Champions,Central,Corporate
EB-13750,36,10,3236.314,1,Champions,East,Corporate
EB-13840,91,5,4358.128,1,Champions,West,Corporate
EB-13870,101,10,2767.219,1,Champions,West,Consumer
EB-13930,162,5,944.5999999999999,0,Loyal Customers,South,Consumer
EB-13975,1,4,1643.255,1,Champions,South,Corporate
EB-14110,114,6,3071.1259999999997,1,Champions,East,Consumer
EB-14170,83,6,1186.326,1,Champions,Central,Consumer
EC-14050,54,5,461.914,0,Loyal Customers,East,Consumer
ED-13885,136,8,3484.92,1,Champions,Central,Home Office
EG-13900,23,5,1832.02,1,Champions,East,Consumer
EH-13765,136,12,10310.88,1,Champions,East,Corporate
EH-13945,218,8,684.171,0,Loyal Customers,Central,Consumer
EH-13990,406,6,825.95,0,Loyal Customers,East,Consumer
EH-14005,3,7,1219.53,1,Champions,South,Home Office
EH-14125,73,14,3143.483,1,Champions,West,Home Office
EH-14185,106,6,923.884,0,Loyal Customers,East,Consumer
EJ-13720,303,4,2162.174,0,Loyal Customers,West,Consumer
EJ-14155,58,5,2656.691,1,Champions,East,Consumer
EK-13795,45,4,1303.4779999999998,0,Loyal Customers,West,Home Office
EL-13735,78,2,124.28,0,Loyal Customers,Central,Home Office
EM-13810,133,5,2567.01,1,Champions,East,Corporate
EM-13825,56,8,2339.598,1,Champions,Central,Corporate
EM-13960,152,5,933.7040000000001,0,Loyal Customers,Central,Consumer
EM-14065,48,4,228.99,0,Loyal Customers,East,Consumer
EM-14095,114,4,1041.0420000000001,0,Loyal Customers,West,Corporate
EM-14140,49,6,4588.436,1,Champions,West,Home Office
EM-14200,159,3,366.822,0,Loyal Customers,South,Home Office
EN-13780,288,4,2199.366,0,Loyal Customers,East,Consumer
EP-13915,13,17,5478.0608,1,Champions,Central,Consumer
ER-13855,422,3,1245.788,0,Loyal Customers,South,Corporate
ES-14020,41,5,3510.4580000000005,1,Champions,West,Consumer
ES-14080,29,9,4657.924,1,Champions,West,Corporate
FA-14230,98,7,2984.054,1,Champions,West,Corporate
FC-14245,71,7,3418.742,1,Champions,West,Home Office
FC-14335,185,7,3889.366,1,Champions,West,Corporate
FG-14260,35,11,2124.784,1,Champions,East,Home Office
FH-14275,38,10,4256.272,1,Champions,Central,Corporate
FH-14350,213,4,2271.284,0,Loyal Customers,South,Consumer
FH-14365,6,8,6987.196000000001,1,Champions,West,Corporate
FM-14215,8,10,2456.638,1,Champions,South,Corporate
FM-14290,37,9,3736.198,1,Champions,West,Home Office
FM-14380,22,11,2731.996,1,Champions,East,Consumer
FO-14305,39,10,2678.438,1,Champions,West,Consumer
FP-14320,24,8,4046.7459999999996,1,Champions,East,Consumer
FW-14395,363,3,79.75,0,Loyal Customers,East,Corporate
GA-14515,150,8,3919.7760000000003,1,Champions,West,Consumer
GA-14725,6,11,1398.382,1,Champions,Central,Consumer
GB-14530,63,11,1568.44,1,Champions,East,Corporate
GB-14575,14,5,4716.288,1,Champions,South,Consumer
GD-14590,6,4,1888.07,1,Champions,East,Corporate
GG-14650,44,11,8584.092,1,Champions,West,Corporate
GH-14410,76,9,2819.467,1,Champions,West,Home Office
GH-14425,51,4,4172.846,1,Champions,West,Consumer
GH-14485,388,2,1361.2440000000004,0,Loyal Customers,Central,Corporate
GH-14665,3,2,146.9408,0,Loyal Customers,Central,Consumer
GK-14620,113,9,6497.27,1,Champions,West,Corporate
GM-14440,84,7,3582.82,1,Champions,East,Consumer
GM-14455,17,6,3078.6240000000003,1,Champions,East,Home Office
GM-14500,107,10,1255.682,1,Champions,East,Consumer
GM-14680,153,6,3163.628,1,Champions,West,Consumer
GM-14695,118,3,6049.965999999999,0,Loyal Customers,West,Corporate
GP-14740,765,2,236.53000000000003,0,Loyal Customers,East,Corporate
GR-14560,1136,2,1284.3799999999999,0,Loyal Customers,East,Corporate
GT-14635,57,3,9351.212,1,Champions,East,Corporate
GT-14710,37,11,11820.12,1,Champions,East,Consumer
GT-14755,35,4,226.436,0,Loyal Customers,West,Consumer
GW-14605,29,7,2189.0190000000002,1,Champions,South,Consumer
GZ-14470,8,9,4355.15,1,Champions,West,Consumer
GZ-14545,158,8,2529.1099999999997,1,Champions,East,Corporate
HA-14905,70,7,2163.3,1,Champions,East,Consumer
HA-14920,21,8,2584.158,1,Champions,Central,Consumer
HD-14785,769,3,251.35999999999999,0,Loyal Customers,East,Home Office
HE-14800,13,4,883.532,0,Loyal Customers,East,Corporate
HF-14995,22,7,2533.164,1,Champions,West,Consumer
HG-14845,55,5,785.628,0,Loyal Customers,East,Consumer
HG-14965,24,12,3247.642,1,Champions,West,Corporate
HG-15025,7,7,3690.284,1,Champions,Central,Consumer
HH-15010,73,2,218.668,0,Loyal Customers,West,Corporate
HJ-14875,127,5,358.1,0,Loyal Customers,West,Home Office
HK-14890,152,8,4877.784,1,Champions,Central,Corporate
HL-15040,44,6,12873.297999999999,1,Champions,South,Consumer
HM-14860,3,10,8236.7648,1,Champions,Central,Corporate
HM-14980,248,4,736.2760000000001,0,Loyal Customers,West,Consumer
HO-15230,1,2,6.048,0,Loyal Customers,East,Consumer
HO-15231,290,2,620.24,0,Loyal Customers,East,Consumer
HO-15232,290,2,140.928,0,Loyal Customers,East,Consumer
HO-15233,290,2,39.36,0,Loyal Customers,East,Consumer
HO-15234,290,2,281.34000000000003,0,Loyal Customers,East,Consumer
HP-14815,31,7,1990.3139999999999,1,Champions,Central,Home Office
HR-14770,14,5,1299.288,1,Champions,Central,Home Office
HR-14830,160,7,5248.787,1,Champions,East,Corporate
HW-14935,118,8,9300.253999999999,1,Champions,Central,Corporate
HZ-14950,36,5,886.52,0,Loyal Customers,East,Consumer
IG-15085,72,4,744.574,0,Loyal Customers,South,Consumer
IL-15100,143,7,5040.736000000001,1,Champions,Central,Consumer
IM-15055,410,3,2872.6300000000006,0,Loyal Customers,West,Consumer
IM-15070,391,7,4930.474,1,Champions,West,Consumer
JA-15970,93,8,6491.026000000001,1,Champions,West,Consumer
JB-15400,8,12,1830.4850000000001,1,Champions,Central,Corporate
JB-15925,737,3,900.5520000000001,0,Loyal Customers,East,Consumer
JB-16000,44,7,644.1188,1,Champions,West,Consumer
JB-16045,8,5,2518.115,1,Champions,East,Home Office
JC-15340,115,4,71.263,0,Loyal Customers,East,Consumer
JC-15385,176,1,1058.1080000000002,0,Loyal Customers,West,Consumer
JC-15775,159,9,2772.0550000000003,1,Champions,East,Consumer
JC-16105,58,5,858.576,0,Loyal Customers,East,Corporate
JD-15790,118,5,2152.3520000000003,1,Champions,Central,Consumer
JD-15895,395,11,7610.864,1,Champions,East,Corporate
JD-16015,113,6,385.43000000000006,0,Loyal Customers,Central,Consumer
JD-16060,301,3,695.442,0,Loyal Customers,Central,Consumer
JD-16150,42,8,8828.0305,1,Champions,West,Corporate
JE-15475,194,6,1388.682,0,Loyal Customers,Central,Consumer
JE-15610,49,7,7754.976,1,Champions,South,Corporate
JE-15715,47,12,10461.459,1,Champions,Central,Consumer
JE-15745,52,13,6760.815,1,Champions,South,Consumer
JE-16165,21,3,2697.248,1,Champions,Central,Corporate
JF-15190,66,7,2279.5860000000002,1,Champions,East,Consumer
JF-15295,226,5,955.124,0,Loyal Customers,West,Consumer
JF-15355,106,6,1911.844,1,Champions,West,Consumer
JF-15415,3,6,2371.4480000000003,1,Champions,West,Consumer
JF-15490,122,11,1082.9180000000001,1,Champions,West,Consumer
JF-15565,55,8,4198.332,1,Champions,South,Consumer
JG-15115,758,3,2358.676,0,Loyal Customers,South,Consumer
JG-15160,2,11,6366.392,1,Champions,West,Consumer
JG-15310,3,6,2240.58,1,Champions,East,Corporate
JG-15805,224,6,1507.018,0,Loyal Customers,East,Corporate
JH-15430,6,4,309.281,0,Loyal Customers,South,Consumer
JH-15820,175,6,528.91,0,Loyal Customers,East,Consumer
JH-15910,42,7,959.477,1,Champions,Central,Consumer
JH-15985,30,6,7954.9980000000005,1,Champions,West,Consumer
JH-16180,405,4,2256.394,0,Loyal Customers,East,Consumer
JJ-15445,484,5,709.178,0,Loyal Customers,East,Consumer
JJ-15760,753,2,195.0,0,Loyal Customers,South,Home Office
JK-15205,62,5,4427.142,1,Champions,West,Consumer
JK-15325,288,3,383.812,0,Loyal Customers,Central,Corporate
JK-15370,45,8,2709.632,1,Champions,West,Consumer
JK-15625,62,7,3760.0280000000002,1,Champions,East,Consumer
JK-15640,181,9,4760.434,1,Champions,East,Home Office
JK-15730,85,10,4867.2,1,Champions,Central,Consumer
JK-16090,29,3,3747.668,1,Champions,South,Consumer
JK-16120,118,10,2932.484,1,Champions,Central,Home Office
JL-15130,9,6,1214.956,1,Champions,South,Consumer
JL-15175,7,5,1571.5230000000001,1,Champions,West,Home Office
JL-15235,120,5,2203.7000000000003,1,Champions,East,Consumer
JL-15505,50,6,3173.874,1,Champions,West,Consumer
JL-15835,22,11,9799.923,1,Champions,East,Consumer
JL-15850,615,6,2725.2560000000003,0,Loyal Customers,West,Consumer
JM-15250,38,6,3159.122,1,Champions,Central,Consumer
JM-15265,38,5,1804.146,1,Champions,Central,Corporate
JM-15535,103,9,2070.063,1,Champions,East,Consumer
JM-15580,1,5,303.948,1,Champions,West,Consumer
JM-15655,9,5,864.947,1,Champions,West,Corporate
JM-15865,110,7,7625.076,1,Champions,West,Consumer
JM-16195,58,10,2833.926,1,Champions,West,Consumer
JO-15145,58,9,3254.949,1,Champions,West,Corporate
JO-15280,93,6,1934.272,1,Champions,West,Consumer
JO-15550,216,5,1090.8380000000002,0,Loyal Customers,East,Home Office
JP-11135,2,5,515.2,1,Champions,East,Corporate
JP-15460,38,7,1669.135,1,Champions,East,Corporate
JP-15520,9,7,3635.594,1,Champions,West,Consumer
JP-16135,103,9,1707.71,1,Champions,East,Home Office
JR-15670,594,2,1156.658,0,Loyal Customers,West,Consumer
JR-15700,69,1,863.8799999999999,0,Loyal Customers,South,Consumer
JR-16210,34,5,2201.686,1,Champions,West,Corporate
JS-13215,96,2,19.98,0,Loyal Customers,East,Corporate
JS-15595,120,4,1417.654,0,Loyal Customers,Central,Corporate
JS-15685,43,4,1131.064,0,Loyal Customers,South,Corporate
JS-15880,535,5,3868.02,0,Loyal Customers,Central,Consumer
JS-15940,464,5,469.16900000000004,0,Loyal Customers,East,Home Office
JS-16030,29,6,2516.4939999999997,1,Champions,Central,Consumer
JT-12540,287,2,144.58800000000002,0,Loyal Customers,East,Consumer
JW-15220,43,10,8846.354000000001,1,Champions,East,Corporate
JW-15955,6,7,1244.086,1,Champions,East,Consumer
JW-16075,462,4,1428.731,0,Loyal Customers,South,Consumer
KA-16525,37,7,1519.5059999999999,1,Champions,East,Consumer
KB-16240,5,7,3152.6150000000002,1,Champions,Central,Corporate
KB-16315,297,9,1569.464,1,Champions,East,Consumer
KB-16405,118,3,908.821,0,Loyal Customers,West,Home Office
KB-16585,231,12,2744.742,1,Champions,West,Corporate
KB-16600,2,7,983.9219999999999,1,Champions,Central,Corporate
KC-16255,408,6,2120.9539999999997,0,Loyal Customers,South,Corporate
KC-16540,98,4,3908.2619999999997,1,Champions,West,Consumer
KC-16675,58,4,1146.05,0,Loyal Customers,South,Corporate
KD-16270,485,5,8282.358,1,Champions,Central,Consumer
KD-16345,42,6,1888.964,1,Champions,East,Consumer
KD-16495,113,12,8181.256,1,Champions,West,Corporate
KD-16615,290,5,2243.51,0,Loyal Customers,West,Corporate
KE-16420,27,8,1686.7312,1,Champions,West,Corporate
KF-16285,98,7,10604.266,1,Champions,West,Home Office
KH-16330,41,8,3312.864,1,Champions,East,Corporate
KH-16360,2,6,3100.612,1,Champions,Central,Consumer
KH-16510,23,7,5952.859,1,Champions,West,Consumer
KH-16630,59,9,3918.966,1,Champions,East,Corporate
KH-16690,3,7,5990.799000000001,1,Champions,West,Corporate
KL-16555,17,8,5016.488,1,Champions,South,Corporate
KL-16645,48,12,14175.229,1,Champions,Central,Consumer
KM-16225,15,6,2260.958,1,Champions,East,Corporate
KM-16375,57,8,5620.186,1,Champions,West,Home Office
KM-16660,16,5,453.538,0,Loyal Customers,West,Consumer
KM-16720,29,8,4909.472,1,Champions,West,Consumer
KN-16390,20,9,2617.272,1,Champions,East,Corporate
KN-16450,53,5,2171.962,1,Champions,West,Corporate
KN-16705,99,8,2280.58,1,Champions,West,Home Office
KS-16300,296,3,88.47200000000001,0,Loyal Customers,South,Corporate
KT-16465,392,7,3057.1,1,Champions,Central,Consumer
KT-16480,101,10,4642.0884,1,Champions,East,Consumer
KW-16435,97,5,4416.52,1,Champions,East,Consumer
KW-16570,771,4,449.096,0,Loyal Customers,Central,Consumer
LA-16780,155,11,8673.222,1,Champions,Central,Corporate
LB-16735,49,3,50.188,0,Loyal Customers,Central,Consumer
LB-16795,153,8,4985.676,1,Champions,West,Home Office
LC-16870,28,8,2580.704,1,Champions,West,Consumer
LC-16885,17,12,7663.126,1,Champions,West,Consumer
LC-16930,42,8,4492.946,1,Champions,West,Corporate
LC-16960,437,4,3246.6259999999997,0,Loyal Customers,South,Home Office
LC-17050,55,5,2095.064,1,Champions,West,Consumer
LC-17140,14,9,2633.582,1,Champions,East,Consumer
LD-16855,553,1,5.304,0,Loyal Customers,Central,Corporate
LD-17005,415,4,1961.934,0,Loyal Customers,East,Consumer
LE-16810,22,6,1469.45,1,Champions,Central,Consumer
LF-17185,23,7,3930.5089999999996,1,Champions,Central,Consumer
LH-16750,152,3,287.426,0,Loyal Customers,East,Consumer
LH-16900,22,9,2295.332,1,Champions,South,Consumer
LH-17020,240,4,318.23900000000003,0,Loyal Customers,West,Consumer
LH-17155,386,9,1739.689,1,Champions,West,Consumer
LL-16840,250,6,2741.2039999999997,1,Champions,South,Consumer
LM-17065,392,5,1346.7740000000001,0,Loyal Customers,South,Consumer
LO-17170,3,5,644.35,1,Champions,Central,Corporate
LP-17080,41,4,756.6059999999999,0,Loyal Customers,West,Consumer
LP-17095,10,7,3653.399,1,Champions,Central,Consumer
LR-16915,27,6,5142.892000000001,1,Champions,West,Consumer
LR-17035,133,5,1879.306,0,Loyal Customers,West,Corporate
LS-16945,179,6,2845.2700000000004,1,Champions,West,Corporate
LS-16975,21,9,2988.6740000000004,1,Champions,Central,Home Office
LS-17200,97,6,1010.2560000000001,0,Loyal Customers,Central,Corporate
LS-17230,777,3,368.88,0,Loyal Customers,Central,Consumer
LS-17245,35,6,1008.1360000000001,1,Champions,East,Consumer
LT-16765,27,3,329.876,0,Loyal Customers,West,Consumer
LT-17110,35,8,2936.2520000000004,1,Champions,West,Consumer
LW-16825,89,5,2238.061,1,Champions,West,Corporate
LW-16990,34,6,3230.308,1,Champions,West,Corporate
LW-17125,206,3,1259.0400000000002,0,Loyal Customers,South,Consumer
LW-17215,22,7,5420.514,1,Champions,East,Consumer
MA-17560,65,11,4299.161,1,Champions,Central,Home Office
MA-17995,187,6,2453.284,1,Champions,South,Home Office
MB-17305,49,10,1548.702,1,Champions,East,Consumer
MB-18085,45,7,1428.2310000000002,1,Champions,Central,Consumer
MC-17275,77,8,2725.982,1,Champions,West,Consumer
MC-17425,400,5,4432.138,0,Loyal Customers,South,Corporate
MC-17575,28,8,1303.893,1,Champions,East,Consumer
MC-17590,52,6,2426.0669999999996,1,Champions,Central,Corporate
MC-17605,113,8,2258.192,1,Champions,South,Corporate
MC-17635,190,4,795.154,0,Loyal Customers,Central,Corporate
MC-17845,2,7,3805.714,1,Champions,West,Consumer
MC-18100,42,10,2218.98,1,Champions,Central,Consumer
MC-18130,370,5,1581.998,0,Loyal Customers,West,Corporate
MD-17350,118,7,3766.382,1,Champions,East,Consumer
MD-17860,37,5,1204.9099999999999,1,Champions,Central,Corporate
ME-17320,43,10,10663.728000000001,1,Champions,South,Home Office
ME-17725,29,8,1908.4532,1,Champions,Central,Consumer
ME-18010,93,4,1256.9440000000002,0,Loyal Customers,West,Corporate
MF-17665,422,5,937.0390000000001,0,Loyal Customers,East,Corporate
MF-18250,8,5,1758.3,1,Champions,South,Corporate
MG-17650,30,7,3785.276,1,Champions,Central,Home Office
MG-17680,93,4,2350.188,0,Loyal Customers,East,Home Office
MG-17695,556,3,1342.2820000000002,0,Loyal Customers,East,Consumer
MG-17875,117,5,1242.833,0,Loyal Customers,Central,Home Office
MG-17890,100,9,776.384,1,Champions,West,Home Office
MG-18145,85,4,3061.5429999999997,1,Champions,East,Consumer
MG-18205,265,1,16.739000000000004,0,Loyal Customers,South,Corporate
MH-17290,120,6,2394.0249999999996,1,Champions,West,Home Office
MH-17440,377,4,400.01599999999996,0,Loyal Customers,South,Corporate
MH-17455,86,8,2456.1820000000002,1,Champions,East,Consumer
MH-17620,156,4,1252.8000000000002,0,Loyal Customers,West,Corporate
MH-17785,99,7,2203.7780000000002,1,Champions,East,Corporate
MH-18025,50,5,2984.948,1,Champions,South,Consumer
MH-18115,6,9,5503.093,1,Champions,Central,Home Office
MJ-17740,23,7,6320.746,1,Champions,West,Consumer
MK-17905,29,8,2302.368,1,Champions,South,Corporate
MK-18160,241,4,1031.602,0,Loyal Customers,South,Consumer
MK-19560,29,7,225.69600000000003,0,Loyal Customers,East,Corporate
ML-17395,70,9,2722.843,1,Champions,West,Corporate
ML-17410,55,6,2921.5,1,Champions,West,Consumer
ML-17755,30,7,2071.9139999999998,1,Champions,South,Home Office
ML-18040,80,3,742.082,0,Loyal Customers,Central,Corporate
ML-18265,101,2,162.23200000000003,0,Loyal Customers,West,Consumer
MM-17260,169,4,1314.0230000000001,0,Loyal Customers,East,Consumer
MM-17920,8,11,3794.08,1,Champions,East,Consumer
MM-18055,62,8,2749.881,1,Champions,West,Consumer
MM-18280,86,9,775.414,1,Champions,Central,Corporate
MN-17935,35,6,2477.946,1,Champions,Central,Consumer
MO-17500,73,4,922.4870000000001,0,Loyal Customers,East,Consumer
MO-17800,105,8,1687.027,1,Champions,Central,Home Office
MO-17950,181,2,154.288,0,Loyal Customers,Central,Consumer
MP-17470,719,7,3206.132,1,Champions,East,Home Office
MP-17965,73,11,4198.826,1,Champions,Central,Corporate
MP-18175,17,9,5087.92,1,Champions,West,Home Office
MR-17545,126,4,639.178,0,Loyal Customers,East,Home Office
MS-17365,274,10,7443.6900000000005,1,Champions,West,Consumer
MS-17530,435,4,475.65599999999995,0,Loyal Customers,West,Consumer
MS-17710,414,6,1613.402,0,Loyal Customers,Central,Consumer
MS-17770,122,9,3144.678,1,Champions,East,Consumer
MS-17830,453,4,370.34799999999996,0,Loyal Customers,Central,Consumer
MS-17980,27,6,855.116,1,Champions,East,Corporate
MT-17815,50,6,2890.1389999999997,1,Champions,South,Consumer
MT-18070,204,4,1319.4497999999999,0,Loyal Customers,Central,Home Office
MV-17485,28,9,1560.05,1,Champions,West,Consumer
MV-18190,20,7,1734.5739999999998,1,Champions,West,Consumer
MW-18220,18,7,5341.900000000001,1,Champions,East,Consumer
MW-18235,45,2,5253.876,0,Loyal Customers,South,Corporate
MY-17380,30,7,2254.2850000000003,1,Champions,West,Corporate
MY-18295,72,11,4152.696,1,Champions,Central,Corporate
MZ-17335,31,4,593.606,0,Loyal Customers,West,Home Office
MZ-17515,283,6,2564.906,1,Champions,West,Corporate
NB-18580,1166,2,273.87199999999996,0,Loyal Customers,East,Corporate
NB-18655,20,9,1972.599,1,Champions,Central,Corporate
NC-18340,225,5,2461.404,0,Loyal Customers,Central,Consumer
NC-18415,42,6,2218.99,1,Champions,South,Consumer
NC-18535,7,7,8241.739,1,Champions,West,Corporate
NC-18625,205,5,1821.7420000000002,0,Loyal Customers,Central,Corporate
NC-19470,29,6,382.144,0,Loyal Customers,East,Home Office
ND-18370,28,9,4326.139,1,Champions,West,Consumer
ND-18460,184,6,2893.455,1,Champions,South,Corporate
NF-18385,80,7,8322.826000000001,1,Champions,East,Consumer
NF-18475,526,4,377.162,0,Loyal Customers,Central,Home Office
NF-18595,115,11,7003.068,1,Champions,West,Home Office
NG-18355,49,5,1869.58,1,Champions,East,Corporate
NG-18430,49,5,1395.938,1,Champions,Central,Consumer
NH-18610,190,7,2673.29,1,Champions,Central,Corporate
NK-18490,71,7,572.048,0,Loyal Customers,West,Home Office
NL-18310,59,4,1418.0900000000001,0,Loyal Customers,West,Home Office
NM-18445,161,7,6459.344,1,Champions,East,Home Office
NM-18520,245,10,2161.979,1,Champions,West,Consumer
NP-18325,26,6,5529.62,1,Champions,East,Consumer
NP-18670,59,5,3908.402,1,Champions,Central,Consumer
NP-18685,407,6,1228.698,0,Loyal Customers,East,Home Office
NP-18700,139,7,7903.1825,1,Champions,West,Consumer
NR-18550,211,5,2367.277,0,Loyal Customers,South,Consumer
NS-18505,7,4,2575.863,1,Champions,Central,Consumer
NS-18640,175,13,2964.823,1,Champions,East,Corporate
NW-18400,173,7,7234.014,1,Champions,East,Consumer
NZ-18565,86,9,2488.3100000000004,1,Champions,West,Home Office
ON-18715,411,9,1567.52,1,Champions,East,Corporate
OT-18730,66,5,3818.6240000000003,1,Champions,West,Consumer
PA-19060,104,6,729.408,0,Loyal Customers,Central,Home Office
PB-18805,26,3,740.356,0,Loyal Customers,West,Home Office
PB-19105,58,4,688.3240000000001,0,Loyal Customers,Central,Consumer
PB-19150,98,8,1456.95,1,Champions,West,Consumer
PB-19210,688,2,132.738,0,Loyal Customers,Central,Corporate
PC-18745,3,4,1832.064,1,Champions,West,Corporate
PC-19000,882,2,1061.488,0,Loyal Customers,West,Home Office
PF-19120,835,4,9062.864000000001,0,Loyal Customers,East,Consumer
PF-19165,197,6,2770.0,1,Champions,West,Consumer
PF-19225,115,5,2206.128,1,Champions,West,Consumer
PG-18820,37,13,3086.907,1,Champions,West,Consumer
PG-18895,58,9,1987.164,1,Champions,West,Consumer
PH-18790,71,1,729.6480000000001,0,Loyal Customers,South,Home Office
PJ-18835,40,8,1220.0900000000001,1,Champions,South,Corporate
PJ-19015,135,7,1824.234,1,Champions,East,Consumer
PK-18910,484,2,1441.1520000000005,0,Loyal Customers,East,Home Office
PK-19075,10,12,8646.934000000001,1,Champions,East,Consumer
PL-18925,16,5,239.48100000000005,0,Loyal Customers,East,Home Office
PM-18940,387,3,1405.402,0,Loyal Customers,Central,Consumer
PM-19135,52,4,4115.662,1,Champions,East,Home Office
PN-18775,31,8,1467.152,1,Champions,South,Home Office
PO-18850,5,11,7473.828200000002,1,Champions,South,Consumer
PO-18865,1,7,2493.214,1,Champions,East,Consumer
PO-19180,161,9,4893.043,1,Champions,Central,Home Office
PO-19195,87,5,1056.858,0,Loyal Customers,East,Home Office
PP-18955,98,10,7252.608,1,Champions,East,Home Office
PR-18880,37,5,1840.178,1,Champions,West,Consumer
PS-18760,108,6,2181.4790000000003,1,Champions,East,Consumer
PS-18970,70,8,1278.639,1,Champions,West,Home Office
PS-19045,237,7,6843.634,1,Champions,South,Home Office
PT-19090,72,4,160.572,0,Loyal Customers,South,Consumer
PV-18985,90,5,2876.0460000000003,1,Champions,West,Home Office
PW-19030,47,10,3454.916,1,Champions,East,Corporate
PW-19240,465,7,3922.415,1,Champions,East,Consumer
QJ-19255,26,9,6108.338,1,Champions,East,Corporate
RA-19285,6,9,2617.906,1,Champions,West,Consumer
RA-19885,44,7,3832.3140000000003,1,Champions,South,Corporate
RA-19915,13,9,4793.543,1,Champions,Central,Consumer
RA-19945,62,5,1686.9225000000001,1,Champions,Central,Consumer
RB-19330,69,2,1008.1959999999999,0,Loyal Customers,Central,Consumer
RB-19360,97,6,15117.339,1,Champions,East,Consumer
RB-19435,20,8,2663.0860000000002,1,Champions,West,Consumer
RB-19465,10,12,4715.465999999999,1,Champions,Central,Home Office
RB-19570,26,5,528.546,0,Loyal Customers,Central,Consumer
RB-19645,649,5,221.084,0,Loyal Customers,South,Corporate
RB-19705,55,4,2067.45,0,Loyal Customers,East,Home Office
RB-19795,33,8,5633.316000000001,1,Champions,South,Home Office
RC-19825,370,6,966.409,0,Loyal Customers,West,Consumer
RC-19960,111,6,885.752,0,Loyal Customers,East,Consumer
RD-19480,73,8,4272.93,1,Champions,West,Consumer
RD-19585,181,10,2912.8940000000002,1,Champions,South,Consumer
RD-19660,115,5,2786.632,1,Champions,Central,Home Office
RD-19720,22,10,1419.737,1,Champions,West,Consumer
RD-19810,15,8,1137.616,1,Champions,Central,Home Office
RD-19900,115,9,3133.924,1,Champions,West,Consumer
RD-19930,43,4,970.942,0,Loyal Customers,Central,Consumer
RE-19405,1098,1,48.36,0,Loyal Customers,East,Consumer
RE-19450,303,5,876.696,0,Loyal Customers,Central,Consumer
RF-19345,391,8,3309.15,1,Champions,South,Corporate
RF-19735,90,7,2341.2960000000003,1,Champions,Central,Consumer
RF-19840,7,8,945.222,1,Champions,South,Consumer
RH-19495,33,5,3621.376,1,Champions,East,Consumer
RH-19510,468,6,6979.18,1,Champions,West,Home Office
RH-19555,520,2,740.382,0,Loyal Customers,South,Consumer
RH-19600,535,3,2085.74,0,Loyal Customers,South,Consumer
RK-19300,120,3,1460.192,0,Loyal Customers,Central,Consumer
RL-19615,122,8,6234.91,1,Champions,Central,Consumer
RM-19375,346,6,1453.474,0,Loyal Customers,East,Consumer
RM-19675,7,5,5979.096,1,Champions,East,Home Office
RM-19750,300,1,98.35,0,Loyal Customers,East,Consumer
RO-19780,36,7,3815.478,1,Champions,Central,Consumer
RP-19270,497,4,954.6451999999999,0,Loyal Customers,West,Corporate
RP-19390,34,12,5153.084000000001,1,Champions,East,Consumer
RP-19855,29,8,2170.716,1,Champions,Central,Corporate
RR-19315,20,2,615.9319999999999,0,Loyal Customers,Central,Consumer
RR-19525,171,6,3302.262,1,Champions,East,Corporate
RS-19420,77,5,3221.29,1,Champions,East,Corporate
RS-19765,37,8,4159.77,1,Champions,South,Corporate
RS-19870,20,2,22.328,0,Loyal Customers,Central,Home Office
RW-19540,121,7,7397.401000000001,1,Champions,West,Corporate
RW-19630,90,9,3279.746,1,Champions,Central,Corporate
RW-19690,80,5,3495.6459999999997,1,Champions,Central,Consumer
SA-20830,64,10,4767.3415,1,Champions,South,Consumer
SB-20170,202,3,1348.02,0,Loyal Customers,East,Consumer
SB-20185,189,6,6410.996,1,Champions,West,Consumer
SB-20290,48,7,8057.891,1,Champions,East,Corporate
SC-20020,781,5,3362.9636,0,Loyal Customers,Central,Consumer
SC-20050,41,9,4624.572,1,Champions,West,Home Office
SC-20095,350,9,14142.334,1,Champions,West,Consumer
SC-20230,150,4,4371.9580000000005,1,Champions,West,Corporate
SC-20260,47,12,3756.513,1,Champions,East,Corporate
SC-20305,30,7,3979.065,1,Champions,Central,Consumer
SC-20380,31,9,5992.536,1,Champions,South,Consumer
SC-20440,37,7,1874.998,1,Champions,East,Corporate
SC-20575,93,5,902.7280000000001,0,Loyal Customers,South,Consumer
SC-20680,127,6,1254.64,0,Loyal Customers,West,Home Office
SC-20695,90,10,2576.408,1,Champions,Central,Corporate
SC-20725,188,11,5226.21,1,Champions,West,Consumer
SC-20770,42,7,4492.657,1,Champions,East,Corporate
SC-20800,31,4,279.25600000000003,0,Loyal Customers,Central,Consumer
SC-20845,132,2,280.63200000000006,0,Loyal Customers,West,Consumer
SD-20485,201,9,6121.1140000000005,1,Champions,Central,Home Office
SE-20110,10,11,12209.438,1,Champions,West,Consumer
SF-20065,60,7,763.5459999999999,1,Champions,East,Consumer
SF-20200,60,9,3422.786,1,Champions,West,Consumer
SF-20965,49,9,3336.5350000000003,1,Champions,Central,Corporate
SG-20080,9,3,3406.581,1,Champions,West,Consumer
SG-20470,184,8,1884.7979999999998,1,Champions,South,Consumer
SG-20605,109,6,3124.8320000000003,1,Champions,East,Consumer
SG-20890,227,3,47.946,0,Loyal Customers,Central,Corporate
SH-19975,30,13,3406.8395,1,Champions,West,Corporate
SH-20395,24,10,2180.718,1,Champions,East,Consumer
SH-20635,765,2,2096.3920000000003,0,Loyal Customers,South,Corporate
SJ-20125,96,12,3949.656,1,Champions,South,Home Office
SJ-20215,30,6,1341.036,1,Champions,Central,Consumer
SJ-20500,254,5,1318.7759999999998,0,Loyal Customers,East,Consumer
SK-19990,9,3,883.409,0,Loyal Customers,East,Consumer
SL-20155,71,7,3053.012,1,Champions,Central,Home Office
SM-20005,422,4,244.494,0,Loyal Customers,East,Consumer
SM-20320,80,5,25043.05,1,Champions,South,Home Office
SM-20905,607,1,1043.0410000000002,0,Loyal Customers,East,Consumer
SM-20950,26,14,5695.79,1,Champions,East,Corporate
SN-20560,112,6,1860.4179999999997,1,Champions,West,Home Office
SN-20710,80,7,3127.9592,1,Champions,Central,Home Office
SO-20335,30,6,2602.5755,1,Champions,South,Consumer
SP-20545,328,6,1306.086,0,Loyal Customers,East,Corporate
SP-20620,48,9,5440.319,1,Champions,East,Corporate
SP-20650,387,9,1872.436,1,Champions,East,Corporate
SP-20860,80,10,4282.9400000000005,1,Champions,East,Corporate
SP-20920,71,6,3990.689,1,Champions,East,Consumer
SR-20425,9,5,3233.4810000000007,1,Champions,West,Home Office
SR-20740,197,8,4345.886,1,Champions,Central,Home Office
SS-20140,16,8,1324.028,1,Champions,South,Corporate
SS-20410,111,6,3056.807,1,Champions,Central,Consumer
SS-20515,492,3,613.4,0,Loyal Customers,South,Home Office
SS-20590,433,6,418.49,0,Loyal Customers,West,Consumer
SS-20875,121,5,964.6360000000001,0,Loyal Customers,East,Consumer
ST-20530,126,7,433.34000000000003,0,Loyal Customers,East,Consumer
SU-20665,21,7,2595.364,1,Champions,Central,Home Office
SV-20365,102,10,11470.95,1,Champions,East,Consumer
SV-20785,321,9,4105.305,1,Champions,East,Consumer
SV-20815,77,4,1271.0900000000001,0,Loyal Customers,Central,Corporate
SV-20935,3,8,1903.491,1,Champions,East,Consumer
SW-20245,82,7,1085.078,1,Champions,East,Consumer
SW-20275,31,6,1966.6499999999999,1,Champions,East,Consumer
SW-20350,163,3,1019.0440000000001,0,Loyal Customers,Central,Home Office
SW-20455,163,7,2921.544,1,Champions,West,Consumer
SW-20755,535,2,758.6959999999999,0,Loyal Customers,East,Corporate
SZ-20035,36,11,3625.329,1,Champions,Central,Home Office
TA-21385,70,4,14595.62,1,Champions,Central,Home Office
TB-21055,120,5,1467.881,0,Loyal Customers,East,Consumer
TB-21175,59,4,3589.296,1,Champions,South,Corporate
TB-21190,50,4,816.1740000000001,0,Loyal Customers,West,Home Office
TB-21250,350,7,1602.376,0,Loyal Customers,West,Consumer
TB-21280,584,6,2198.45,0,Loyal Customers,East,Consumer
TB-21355,147,5,834.328,0,Loyal Customers,East,Corporate
TB-21400,203,7,9133.99,1,Champions,West,Consumer
TB-21520,108,9,4737.486000000001,1,Champions,East,Consumer
TB-21595,286,5,1387.559,0,Loyal Customers,Central,Consumer
TB-21625,31,9,2797.6679999999997,1,Champions,East,Consumer
TC-20980,400,5,19052.217999999997,1,Champions,Central,Corporate
TC-21145,107,1,1038.26,0,Loyal Customers,East,Corporate
TC-21295,28,8,4266.812,1,Champions,West,Consumer
TC-21475,154,9,1244.976,1,Champions,West,Home Office
TC-21535,5,7,742.558,1,Champions,West,Home Office
TD-20995,38,9,1434.548,1,Champions,Central,Consumer
TG-21310,338,5,3058.372,0,Loyal Customers,West,Consumer
TG-21640,115,4,2074.661,0,Loyal Customers,West,Consumer
TH-21100,345,5,2422.824,0,Loyal Customers,West,Consumer
TH-21115,59,4,2942.772,1,Champions,East,Corporate
TH-21235,118,8,1022.201,1,Champions,Central,Corporate
TH-21550,73,7,4234.0960000000005,1,Champions,East,Home Office
TM-21010,104,8,2955.226,1,Champions,Central,Consumer
TM-21490,131,3,1094.6779999999999,0,Loyal Customers,East,Consumer
TN-21040,91,7,3130.221,1,Champions,West,Home Office
TP-21130,9,9,4454.056,1,Champions,Central,Consumer
TP-21415,105,5,5329.0048,1,Champions,Central,Consumer
TP-21565,351,4,1936.6400000000003,0,Loyal Customers,West,Corporate
TR-21325,194,5,675.942,0,Loyal Customers,West,Consumer
TS-21085,358,2,4.833000000000001,0,Loyal Customers,South,Consumer
TS-21160,505,6,2163.624,0,Loyal Customers,East,Corporate
TS-21205,199,7,5371.09,1,Champions,South,Corporate
TS-21340,227,5,974.782,0,Loyal Customers,West,Consumer
TS-21370,37,6,11891.751,1,Champions,East,Corporate
TS-21430,173,5,2054.14,0,Loyal Customers,West,Corporate
TS-21505,12,6,2243.274,1,Champions,West,Consumer
TS-21610,56,7,2820.424,1,Champions,Central,Consumer
TS-21655,239,5,3368.094,1,Champions,Central,Consumer
TT-21070,32,7,4915.602,1,Champions,East,Consumer
TT-21220,184,8,1427.044,1,Champions,Central,Consumer
TT-21265,407,3,439.5,0,Loyal Customers,Central,Corporate
TT-21460,13,7,5364.808,1,Champions,Central,Home Office
TW-21025,65,7,5278.826,1,Champions,West,Home Office
TZ-21580,27,8,2234.9500000000003,1,Champions,West,Consumer
VB-21745,55,6,2005.596,1,Champions,Central,Corporate
VD-21670,582,6,6442.254,1,Champions,West,Consumer
VF-21715,14,5,847.944,1,Champions,West,Home Office
VG-21790,155,6,846.01,0,Loyal Customers,West,Consumer
VG-21805,287,5,427.372,0,Loyal Customers,East,Corporate
VM-21685,55,7,2454.866,1,Champions,West,Home Office
VM-21835,118,5,380.69,0,Loyal Customers,East,Consumer
VP-21730,31,3,993.902,0,Loyal Customers,East,Home Office
VP-21760,76,7,3360.526,1,Champions,East,Corporate
VS-21820,222,4,1055.981,0,Loyal Customers,Central,Consumer
VT-21700,1000,2,1736.596,0,Loyal Customers,East,Home Office
VW-21775,29,10,6134.038,1,Champions,East,Corporate
WB-21850,21,13,6327.268,1,Champions,West,Consumer
XP-21865,44,13,2503.156,1,Champions,West,Consumer
YC-21895,5,5,5454.35,1,Champions,Central,Corporate
YS-21880,10,8,6720.444,1,Champions,West,Corporate
ZC-21910,55,13,8025.707,1,Champions,West,Consumer
ZD-21925,203,5,1493.9440000000002,0,Loyal Customers,West,Consumer
